25.2987012987013,2.22077922077922
344.745762711864,2.66101694915254
483.818181818182,0.363636363636364
561.833333333333,1.04166666666667
759.884615384615,0.807692307692308
819.854545454545,2.09090909090909
852.619047619048,0.857142857142857
865.294117647059,0.823529411764706
950.0,0.894736842105263
1042.46153846154,0.807692307692308
1064.0,0.894736842105263
1363.92307692308,1.19230769230769
724.362068965517,2.74137931034483
833.0,4.09090909090909
1085.10144927536,3.89855072463768
108.223880597015,4.26865671641791
980.333333333333,4.42307692307692
393.424,6.088
617.948529411765,5.92647058823529
684.624242424242,7.14545454545455
1280.78873239437,5.53521126760563
443.679245283019,8.0188679245283
1025.70588235294,10.5098039215686
1350.25423728814,11.4745762711864
907.126582278481,11.0632911392405
1132.09523809524,10.3333333333333
418.398734177215,9.93037974683544
701.52380952381,11.0238095238095
999.048387096774,11.3870967741935
1252.1,12.975
286.831395348837,14.6046511627907
18.0,14.7685185185185
527.467948717949,14.4487179487179
1008.80769230769,15.3846153846154
72.6753246753247,17.8051948051948
460.735135135135,18.6594594594595
687.706896551724,17.2413793103448
641.075187969925,16.2105263157895
368.139784946237,19.7096774193548
570.102040816327,19.7959183673469
604.875,20.0
669.448979591837,19.4591836734694
1105.0,20.5
947.77037037037,22.1703703703704
1018.1,20.7666666666667
1129.5,24.5
1298.375,21.0357142857143
534.944444444444,22.2314814814815
1059.0,23.0597014925373
783.456647398844,24.9190751445087
980.897058823529,25.25
1236.0350877193,25.0760233918129
1388.07142857143,24.7142857142857
1075.27049180328,23.8688524590164
1337.60465116279,25.2790697674419
48.3269230769231,26.6346153846154
104.736111111111,26.9166666666667
244.723404255319,26.7393617021277
845.141176470588,28.1058823529412
137.536082474227,29.2989690721649
764.393442622951,34.1311475409836
185.585858585859,31.8080808080808
583.906976744186,32.7286821705426
0.166666666666667,35.0
718.874213836478,29.2264150943396
749.730158730159,37.0634920634921
1289.16455696203,36.0253164556962
422.747368421053,38.2842105263158
1045.66265060241,37.6385542168675
1123.64369034995,30.0296924708378
1318.26704545455,41.6136363636364
368.0,40.3456790123457
1132.0,43.0
1175.8115942029,38.1594202898551
434.095238095238,40.1269841269841
614.542168674699,42.6626506024096
694.448275862069,41.1206896551724
1154.6375,40.3125
345.382165605096,42.3630573248408
811.5,44.5
447.492647058824,46.0735294117647
578.245614035088,44.7280701754386
390.241935483871,47.4032258064516
1074.90909090909,46.1818181818182
988.695652173913,47.695652173913
926.314285714286,49.6857142857143
24.2682926829268,50.2682926829268
826.503401360544,45.8163265306122
853.207547169811,50.0943396226415
1226.6,50.65
289.928,50.064
1.63934426229508,50.4590163934426
367.289473684211,51.1447368421053
48.7758620689655,52.7586206896552
1141.65263157895,53.6105263157895
104.053191489362,53.7872340425532
561.818181818182,54.5454545454545
113.708333333333,54.6770833333333
627.977443609023,57.0225563909774
1356.5,54.5
201.817204301075,55.4301075268817
327.906976744186,56.7558139534884
693.830188679245,56.3584905660377
1248.21359223301,59.4660194174757
1269.42391304348,57.7826086956522
766.625,57.7916666666667
1215.43220338983,60.1610169491525
655.083665338645,54.4541832669323
1058.61538461538,59.4615384615385
1290.51578947368,61.7684210526316
498.532110091743,66.8853211009174
920.842105263158,63.7894736842105
1104.18518518519,64.4074074074074
1389.02857142857,63.8428571428571
801.0,65.6428571428571
231.078431372549,65.8137254901961
994.744186046512,69.3023255813954
322.261363636364,71.0
394.2375,70.45
1148.2,69.6
484.165354330709,71.6062992125984
553.766423357664,70.3065693430657
152.154639175258,70.0927835051546
72.6081081081081,69.2837837837838
438.604395604396,73.1098901098901
1096.94285714286,73.3428571428571
1190.98550724638,73.8115942028985
585.823076923077,75.6461538461539
1055.85416666667,75.7083333333333
1310.28571428571,77.0
307.938775510204,77.7755102040816
904.714285714286,79.1984126984127
1126.53731343284,78.7014925373134
1088.56842105263,78.1157894736842
1380.92857142857,78.8571428571429
1028.32978723404,80.2446808510638
355.561643835616,82.6164383561644
742.164473684211,79.6447368421053
1236.5,81.5
410.877828054299,80.6877828054299
880.939655172414,81.7155172413793
8.11688311688312,83.0909090909091
117.173333333333,84.4933333333333
769.840336134454,83.7899159663866
1168.34615384615,83.7692307692308
174.269230769231,86.5096153846154
1323.22222222222,85.5
223.643564356436,85.9108910891089
835.35593220339,86.4745762711864
1218.4,91.475
376.506097560976,90.8780487804878
455.333333333333,91.9722222222222
1051.9512195122,92.2845528455284
1103.26086956522,92.3913043478261
798.720588235294,95.1544117647059
992.75,91.9732142857143
338.135416666667,93.4479166666667
1045.70588235294,93.7647058823529
536.855555555556,93.6777777777778
900.423728813559,95.6186440677966
37.6818181818182,95.8181818181818
553.764705882353,97.8529411764706
744.3875,99.25625
235.955752212389,102.221238938053
405.507042253521,99.943661971831
1091.58181818182,102.463636363636
570.078947368421,100.026315789474
639.011695906433,102.918128654971
1025.16666666667,101.166666666667
295.365853658537,103.060975609756
855.438356164384,101.835616438356
209.716666666667,104.741666666667
193.753731343284,104.05223880597
1069.21052631579,106.701754385965
762.7734375,111.125
339.534246575342,112.520547945205
493.974358974359,112.410256410256
513.047619047619,111.178571428571
1267.09433962264,111.547169811321
919.864864864865,113.648648648649
1188.80769230769,114.807692307692
52.9130434782609,114.817391304348
408.310344827586,115.827586206897
794.763157894737,115.368421052632
156.467005076142,117.939086294416
729.459770114943,115.954022988506
807.464788732394,117.056338028169
23.297520661157,118.578512396694
483.714285714286,115.409937888199
10.2592592592593,118.777777777778
944.638888888889,122.538888888889
382.979166666667,121.677083333333
439.233644859813,122.0
1165.90909090909,123.090909090909
1387.06666666667,122.666666666667
314.377049180328,124.311475409836
889.409836065574,123.704918032787
1227.03846153846,124.282051282051
93.8555555555556,126.555555555556
997.46875,125.3125
695.327586206897,127.172413793103
763.454545454545,128.0
1196.28571428571,129.642857142857
1270.08108108108,131.540540540541
1142.13333333333,132.106666666667
523.629921259842,132.574803149606
962.230769230769,130.644230769231
865.377192982456,134.09649122807
1083.47435897436,132.282051282051
119.650406504065,135.528455284553
1023.55696202532,134.582278481013
233.100917431193,137.275229357798
1117.07407407407,136.648148148148
817.8125,137.916666666667
1285.925,138.125
600.413793103448,140.103448275862
831.88,139.226666666667
622.483412322275,142.620853080569
35.7317073170732,143.390243902439
179.645833333333,140.90625
671.981366459627,141.04347826087
774.5,144.5
1268.76923076923,144.871794871795
948.469387755102,146.255102040816
996.505154639175,145.20618556701
439.112244897959,147.040816326531
620.863636363636,150.636363636364
836.132075471698,147.528301886792
350.012987012987,146.168831168831
478.989010989011,149.681318681319
365.006666666667,152.02
1174.47368421053,149.921052631579
544.905472636816,152.223880597015
868.46,152.12
917.981684981685,154.358974358974
843.454545454545,152.818181818182
647.407407407407,155.462962962963
1117.86486486486,155.0
253.88785046729,155.168224299065
304.061643835616,154.212328767123
1021.13043478261,156.010869565217
1394.125,156.875
752.111111111111,155.904761904762
1246.06086956522,158.973913043478
403.017021276596,159.587234042553
1148.8064516129,158.741935483871
1213.4,157.066666666667
1099.33333333333,158.666666666667
31.0,161.318181818182
51.0645161290323,160.806451612903
1073.01639344262,157.737704918033
265.081081081081,161.756756756757
484.669683257919,162.85520361991
83.0,164.0
1055.62857142857,165.671428571429
764.028169014084,167.80985915493
1314.75510204082,166.163265306122
168.62015503876,167.317829457364
213.325301204819,167.192771084337
991.095238095238,167.877551020408
501.173333333333,169.186666666667
1264.92857142857,169.0
890.76,171.06
118.821989528796,170.303664921466
683.585365853659,172.292682926829
1144.1935483871,170.645161290323
388.920903954802,177.988700564972
195.007518796992,173.654135338346
818.722222222222,174.472222222222
452.233644859813,175.411214953271
420.242990654206,178.476635514019
475.364035087719,177.302631578947
871.545454545455,178.090909090909
1184.3,178.8
805.36,180.12
1127.71428571429,180.5
1381.42857142857,180.085714285714
1159.81395348837,180.406976744186
836.266666666667,182.026666666667
21.265306122449,185.061224489796
1020.45454545455,183.636363636364
277.321428571429,183.595238095238
690.214285714286,183.107142857143
821.917647058823,183.847058823529
1064.88,184.5
242.098039215686,184.558823529412
530.234375,186.2265625
148.535545023697,188.312796208531
965.76404494382,187.179775280899
1322.66666666667,188.102564102564
1145.33333333333,190.037037037037
38.1666666666667,190.448717948718
339.123076923077,191.476923076923
372.018018018018,192.765765765766
656.944785276074,193.343558282209
1090.76923076923,192.615384615385
1226.5,193.5
1388.875,191.5
201.810526315789,193.0
472.191082802548,191.394904458599
931.666666666667,190.007246376812
438.215189873418,194.278481012658
862.409090909091,195.484848484848
1206.70491803279,195.606557377049
184.918604651163,198.43023255814
774.714285714286,198.366071428571
1254.95833333333,198.541666666667
1340.94047619048,197.059523809524
714.429906542056,199.495327102804
130.910569105691,203.707317073171
325.759493670886,202.29746835443
555.514285714286,201.485714285714
581.526717557252,201.229007633588
618.344262295082,202.27868852459
161.888888888889,203.111111111111
289.759259259259,204.240740740741
85.5840707964602,204.29203539823
1130.35714285714,204.514285714286
1040.50704225352,204.549295774648
805.447916666667,206.166666666667
1395.83333333333,207.166666666667
452.52380952381,207.785714285714
645.980769230769,207.621794871795
408.1375,208.8875
1074.125,209.25
901.540983606557,210.688524590164
1018.60256410256,209.910256410256
488.430107526882,211.967741935484
1364.79487179487,211.273504273504
1179.80208333333,214.447916666667
667.084033613445,215.546218487395
772.631578947368,213.157894736842
825.523076923077,214.130769230769
717.141025641026,215.371794871795
195.065934065934,216.21978021978
857.136363636364,216.090909090909
931.890625,216.359375
263.741379310345,216.137931034483
1345.16666666667,218.055555555556
209.330357142857,216.825892857143
379.398648648649,218.114864864865
541.504347826087,219.0
425.701923076923,220.230769230769
1004.21505376344,224.860215053763
1104.04225352113,222.826291079812
745.709677419355,223.118279569892
1147.47619047619,222.619047619048
21.0736842105263,222.126315789474
345.4375,223.5625
1061.1724137931,224.551724137931
78.5795454545455,224.965909090909
691.875,225.125
1388.4,225.2
629.092857142857,226.807142857143
1213.65420560748,227.934579439252
1370.99115044248,226.619469026549
776.331632653061,227.535714285714
505.323529411765,229.098039215686
402.988095238095,229.321428571429
603.274193548387,229.91935483871
1395.125,229.875
1034.31875,231.93125
105.395973154362,232.429530201342
572.975,230.65
586.605882352941,232.570588235294
302.605769230769,235.519230769231
173.135416666667,236.635416666667
422.020408163265,237.673469387755
1304.75,237.55
962.622641509434,236.150943396226
1190.4,235.618181818182
436.164835164835,240.296703296703
880.198581560284,237.148936170213
1299.20833333333,240.583333333333
125.439252336449,242.140186915888
742.0,241.684210526316
799.438202247191,242.674157303371
1264.37037037037,242.481481481481
707.86301369863,242.753424657534
853.979591836735,243.285714285714
1336.88,243.46
318.151515151515,247.186147186147
368.465909090909,245.681818181818
517.625,244.703125
670.408045977012,245.994252873563
977.108333333333,244.883333333333
234.636363636364,245.535353535354
483.597014925373,245.679104477612
826.860465116279,245.790697674419
267.639175257732,246.690721649485
908.06,246.05
1130.79545454545,247.147727272727
1212.75806451613,247.161290322581
1106.94736842105,249.094736842105
1170.90625,246.3125
5.61904761904762,247.628571428571
991.677419354839,248.209677419355
386.255319148936,252.808510638298
880.491525423729,252.084745762712
1376.96721311475,253.147540983607
69.5769230769231,251.128205128205
423.320754716981,252.792452830189
1044.91549295775,254.323943661972
646.722891566265,254.987951807229
1176.30935251799,254.63309352518
745.369863013699,257.493150684931
953.310344827586,259.620689655172
1022.25663716814,254.176991150442
451.162393162393,261.196581196581
1162.18269230769,258.855769230769
1084.98387096774,262.064516129032
609.038961038961,265.69696969697
724.418367346939,263.418367346939
771.950819672131,263.655737704918
1308.73333333333,264.066666666667
1392.05172413793,263.551724137931
507.0,265.2
527.151162790698,266.56976744186
1136.96,266.2
1027.37162162162,264.993243243243
1048.06666666667,267.266666666667
833.371428571429,268.0
877.164285714286,269.6
566.641975308642,272.555555555556
607.0,274.28125
406.40625,271.6640625
980.401869158878,273.943925233645
1383.06382978723,274.170212765957
762.185840707965,274.477876106195
1226.5,274.5
695.696428571429,274.714285714286
899.686567164179,275.507462686567
940.063829787234,275.936170212766
380.070796460177,276.29203539823
1327.0,276.282051282051
1336.04605263158,276.743421052632
340.805084745763,281.593220338983
1078.0,278.375
1256.35714285714,278.214285714286
514.75,280.411764705882
680.53488372093,281.441860465116
1179.75,278.692307692308
143.585062240664,276.128630705394
222.134615384615,282.346153846154
358.932203389831,282.381355932203
71.8981481481482,279.5
174.61320754717,281.179245283019
254.772277227723,281.39603960396
284.054545454545,282.309090909091
325.017857142857,284.375
1011.2,284.4
1098.63095238095,285.202380952381
1282.14473684211,285.697368421053
109.133333333333,286.111111111111
834.964285714286,285.428571428571
183.725,288.333333333333
306.603448275862,287.465517241379
806.573333333333,286.8
1136.0,286.441860465116
1388.5,286.75
1210.86170212766,286.404255319149
464.165289256198,289.111570247934
1347.66101694915,289.406779661017
870.512195121951,289.926829268293
504.555555555556,289.277777777778
728.245283018868,291.38679245283
815.956834532374,293.172661870504
711.84126984127,290.968253968254
656.353383458647,293.225563909774
925.6875,292.65625
1242.54761904762,292.380952380952
489.5625,295.020833333333
579.910179640719,297.131736526946
638.224299065421,295.028037383178
754.909090909091,294.454545454545
959.333333333333,293.564102564103
0.25,295.25
118.666666666667,294.904761904762
776.05,294.05
199.329411764706,295.576470588235
390.017543859649,296.438596491228
538.857142857143,293.747899159664
1014.17283950617,296.987654320988
1271.36607142857,296.026785714286
1370.64516129032,297.290322580645
255.8125,299.21875
1126.47916666667,298.895833333333
1198.71074380165,301.487603305785
59.5,301.29347826087
844.818181818182,300.987012987013
1109.32,301.76
1173.85106382979,302.510638297872
329.393617021277,304.68085106383
1064.37209302326,303.945736434109
160.052287581699,305.503267973856
289.658536585366,303.317073170732
963.0,305.142857142857
275.873873873874,305.315315315315
1154.21276595745,305.936170212766
407.926829268293,306.975609756098
893.348837209302,307.255813953488
978.887323943662,307.253521126761
17.1559633027523,310.642201834862
553.721518987342,308.151898734177
883.535353535354,308.414141414141
1094.3875,308.5625
110.944444444444,309.888888888889
1271.75,308.508620689655
1314.03448275862,311.310344827586
26.9615384615385,312.615384615385
1380.0,311.5
256.086956521739,313.673913043478
1237.61016949153,320.583804143126
601.027027027027,315.378378378378
366.6328125,314.0234375
1063.17647058824,316.558823529412
245.651685393258,317.033707865169
305.585185185185,316.955555555556
448.607142857143,317.392857142857
34.5963855421687,316.253012048193
953.820512820513,317.74358974359
1050.91304347826,318.597826086957
562.2,319.777777777778
571.390625,319.453125
192.008,319.32
649.881818181818,319.472727272727
676.632653061224,320.183673469388
918.222222222222,319.111111111111
546.671875,321.375
623.285714285714,321.46218487395
1172.56862745098,320.921568627451
1139.77108433735,320.590361445783
86.5714285714286,323.690476190476
869.046511627907,322.697674418605
893.637931034483,322.137931034483
1336.29702970297,322.425742574257
914.923076923077,322.948717948718
1185.33333333333,324.333333333333
842.0,326.0
1027.31746031746,324.912698412698
1187.0,326.75
1380.35051546392,324.927835051546
344.666666666667,327.555555555556
528.595238095238,326.904761904762
593.380952380952,327.392857142857
753.636363636364,327.068181818182
1117.59375,327.927083333333
1230.0,325.0
787.474747474747,326.676767676768
381.469696969697,328.689393939394
690.066115702479,328.702479338843
558.981651376147,329.532110091743
148.518248175182,330.897810218978
408.320132013201,332.240924092409
491.730769230769,331.307692307692
820.345588235294,329.852941176471
89.7741935483871,330.709677419355
1303.47692307692,332.753846153846
586.394736842105,334.473684210526
1224.92753623188,336.333333333333
330.938461538462,337.415384615385
543.180722891566,335.421686746988
829.701149425287,335.816091954023
626.088888888889,336.244444444444
1262.71428571429,337.571428571429
1208.36666666667,337.883333333333
52.0347826086957,337.365217391304
698.767857142857,342.133928571429
1090.64788732394,339.887323943662
973.020618556701,342.061855670103
214.526315789474,344.546052631579
306.533980582524,344.160194174757
502.492,343.264
596.24025974026,345.454545454545
547.318584070796,346.610619469027
1118.42519685039,346.370078740157
1236.60563380282,345.647887323944
822.186813186813,346.483516483516
1160.36363636364,346.681818181818
442.926829268293,347.365853658537
573.574468085106,348.170212765957
715.858823529412,346.047058823529
849.0,348.044943820225
899.653543307087,348.488188976378
1373.75641025641,347.205128205128
1009.6,349.7
384.225806451613,350.440860215054
1332.47222222222,348.083333333333
525.072916666667,352.8125
220.3,354.663636363636
1361.5,354.277777777778
1080.05555555556,355.5
797.474452554745,359.124087591241
135.106666666667,357.34
863.5,359.5
1093.93055555556,361.791666666667
1147.0,360.190476190476
1300.56756756757,360.864864864865
50.9052631578947,364.947368421053
366.188976377953,362.866141732283
440.157894736842,363.026315789474
493.87898089172,362.917197452229
869.896551724138,365.0
698.461538461538,364.692307692308
1180.25,364.541666666667
1221.87628865979,364.80412371134
263.641791044776,365.716417910448
586.408163265306,366.19387755102
1109.78333333333,368.683333333333
1267.50704225352,368.077464788732
1371.0,368.0
172.384976525822,370.732394366197
632.969696969697,369.121212121212
744.235294117647,368.941176470588
457.933333333333,371.077777777778
558.943661971831,371.478873239437
1137.38333333333,372.05
337.094594594595,372.094594594595
913.432989690722,371.20618556701
234.9125,372.725
1030.2972972973,371.783783783784
300.337209302326,374.383720930233
322.230769230769,374.884615384615
1258.4,373.692307692308
428.474074074074,373.940740740741
942.535714285714,377.414285714286
223.785714285714,375.642857142857
478.041666666667,376.888888888889
923.756097560976,377.0
102.705035971223,376.525179856115
202.5,378.5
663.752577319588,377.752577319588
877.13,378.42
971.265536723164,380.790960451977
1220.71428571429,379.857142857143
1407.0,380.0
602.054054054054,381.432432432433
997.441558441558,380.714285714286
715.336492890995,382.407582938389
1200.58015267176,382.190839694656
1249.28571428571,382.0
813.645454545455,382.045454545455
1299.10619469027,385.87610619469
24.7070063694268,383.312101910828
408.207547169811,383.933962264151
768.636363636364,385.836363636364
79.8490566037736,386.820754716981
376.076923076923,386.153846153846
505.165938864629,386.423580786026
788.5,386.5
187.558823529412,386.897058823529
381.818181818182,386.571428571429
546.529411764706,387.084033613445
1089.42857142857,384.593406593407
1159.01428571429,387.2
755.11320754717,388.22641509434
778.029411764706,390.117647058824
809.370967741935,392.096774193548
1390.05882352941,391.43137254902
576.186440677966,392.576271186441
1008.67796610169,392.64406779661
1177.234375,393.171875
162.931216931217,394.449735449735
453.477272727273,394.795454545455
735.232,390.056
1290.97435897436,393.871794871795
870.05,394.575
1122.35849056604,395.245283018868
248.009302325581,394.441860465116
297.651376146789,395.403669724771
705.960784313726,395.137254901961
882.208333333333,395.5
322.645669291339,396.031496062992
894.044776119403,397.910447761194
1100.42361111111,398.694444444444
470.988235294118,398.352941176471
1337.04651162791,399.372093023256
1074.0,398.0
534.929292929293,398.060606060606
1069.16363636364,399.736363636364
204.0,401.5
354.681034482759,403.620689655172
10.1224489795918,404.15306122449
678.638613861386,404.445544554455
966.190476190476,404.111111111111
272.89156626506,404.626506024096
560.87012987013,406.12987012987
575.215189873418,404.696202531645
647.242424242424,405.030303030303
1113.7619047619,405.047619047619
1166.22222222222,405.958333333333
29.7402597402597,406.350649350649
1084.5,405.739130434783
1199.66666666667,406.888888888889
58.3896103896104,408.246753246753
127.746987951807,407.771084337349
417.366972477064,409.091743119266
1403.15094339623,411.11320754717
929.614864864865,412.101351351351
86.5774647887324,412.408450704225
817.656488549618,413.145038167939
381.878787878788,414.969696969697
1147.84782608696,413.782608695652
192.009174311927,414.669724770642
1059.4125,417.975
1.61363636363636,418.25
839.926136363636,421.045454545455
776.849315068493,418.972602739726
1071.0,417.688888888889
1164.94117647059,418.741176470588
281.950495049505,420.336633663366
489.434782608696,420.75
877.850340136054,420.537414965986
1229.4387755102,421.520408163265
633.056338028169,421.746478873239
684.364583333333,418.598958333333
700.102189781022,420.087591240876
834.0,421.0
232.166666666667,423.5625
433.396226415094,423.066037735849
672.544715447154,424.991869918699
739.605504587156,425.669724770642
904.824561403509,421.052631578947
1108.18666666667,419.746666666667
1331.64150943396,422.641509433962
212.32183908046,422.873563218391
504.894736842105,423.131578947368
924.373333333333,425.266666666667
397.557894736842,424.578947368421
540.553191489362,425.691489361702
155.272108843537,426.918367346939
1262.32432432432,425.027027027027
47.3698630136986,426.767123287671
307.825396825397,426.31746031746
419.655021834061,431.82096069869
1014.63461538462,428.951923076923
247.047619047619,430.654761904762
1351.80769230769,431.346153846154
79.5975609756098,432.378048780488
792.875,432.333333333333
974.636363636364,434.333333333333
1127.0985915493,433.549295774648
403.280373831776,435.046728971963
461.882882882883,433.486486486487
1100.86046511628,434.395348837209
427.0,435.0
139.541176470588,436.458823529412
1116.64705882353,437.364705882353
13.9032258064516,437.387096774194
277.0,438.0
1077.38095238095,439.0
374.307086614173,439.952755905512
549.764705882353,440.529411764706
1182.4367816092,440.344827586207
745.939759036145,439.867469879518
294.926966292135,443.207865168539
719.84347826087,443.547826086957
933.84,441.46
52.1779661016949,445.491525423729
226.641975308642,443.469135802469
708.348484848485,443.939393939394
199.0,442.0
578.5,445.380952380952
667.666666666667,443.652173913043
1150.5,444.0
1334.91891891892,443.243243243243
262.701298701299,443.922077922078
1146.6,445.2
324.862745098039,446.205882352941
414.443181818182,446.465909090909
435.67816091954,445.51724137931
774.5,446.4
958.565217391304,447.086956521739
203.509708737864,446.184466019417
601.194029850746,450.10447761194
892.424528301887,446.858490566038
855.068965517241,448.586206896552
1162.10169491525,450.101694915254
109.796296296296,450.37962962963
742.05,450.41
427.787564766839,452.984455958549
801.578947368421,453.315789473684
1229.36641221374,452.442748091603
633.579710144928,454.130434782609
441.5,455.228260869565
129.158415841584,455.217821782178
483.205882352941,456.176470588235
183.0,457.0
1089.296875,457.390625
763.261904761905,457.154761904762
400.233606557377,460.176229508197
1206.88571428571,459.095238095238
1265.95,458.65
1343.455,461.85
255.025210084034,460.453781512605
452.282352941176,461.129411764706
799.615384615385,458.846153846154
529.259259259259,462.068783068783
547.691358024691,460.567901234568
826.793103448276,460.862068965517
990.839285714286,460.910714285714
1014.06451612903,459.365591397849
1073.78260869565,461.608695652174
870.695652173913,461.782608695652
373.75,463.434210526316
1063.20833333333,463.0
96.6363636363636,465.181818181818
286.994082840237,463.082840236686
917.216981132076,465.622641509434
1222.16949152542,466.0
159.565789473684,465.092105263158
473.659090909091,465.181818181818
782.725806451613,467.709677419355
1117.53521126761,464.380281690141
330.802919708029,469.138686131387
432.661654135338,468.526315789474
1081.96551724138,467.758620689655
1291.24,473.49
1325.88571428571,472.285714285714
1172.96428571429,476.869047619048
205.328767123288,473.63698630137
462.545454545455,476.409090909091
949.806060606061,475.448484848485
870.285714285714,476.142857142857
897.8,479.15
840.068965517241,480.551724137931
269.017647058824,482.417647058824
984.385964912281,481.175438596491
1137.21518987342,483.949367088608
696.15625,482.625
804.041666666667,482.145833333333
926.368421052632,481.881578947368
178.464285714286,483.8125
511.946902654867,483.486725663717
1038.41509433962,484.396226415094
1399.0487804878,483.292682926829
1380.5,485.0
436.098765432099,486.469135802469
753.152941176471,487.713725490196
165.888888888889,489.111111111111
608.547169811321,488.801886792453
641.597222222222,490.986111111111
1200.68686868687,492.191919191919
1250.16,491.453333333333
56.0519480519481,492.844155844156
681.436363636364,492.936363636364
978.753623188406,491.217391304348
547.792207792208,493.623376623377
195.225563909774,493.203007518797
415.884615384615,495.278846153846
1055.98214285714,494.830357142857
995.180327868852,495.491803278689
1306.18085106383,496.159574468085
129.170454545455,496.079545454545
486.218045112782,500.518796992481
584.227941176471,499.5
710.090909090909,500.681818181818
1078.52941176471,502.607843137255
914.090909090909,501.636363636364
959.890909090909,501.054545454545
843.911764705882,503.676470588235
1173.93913043478,501.886956521739
601.8125,504.625
995.041237113402,505.061855670103
1124.76595744681,504.978723404255
1225.22,505.4
341.850622406639,504.887966804979
528.663366336634,507.089108910891
825.709401709402,505.777777777778
1013.0,505.48275862069
458.602409638554,506.036144578313
571.656716417911,507.313432835821
798.140845070423,505.43661971831
1110.53333333333,508.466666666667
508.320987654321,509.617283950617
1141.12643678161,509.551724137931
670.693181818182,510.840909090909
655.46,510.72
3.16867469879518,512.518072289157
288.5,511.0
946.282828282828,512.030303030303
1278.24038461538,512.086538461538
1055.61797752809,512.61797752809
1155.66071428571,514.089285714286
397.9,516.242857142857
53.2479338842975,516.826446280992
925.96,518.08
1004.35220125786,517.622641509434
1045.63736263736,517.967032967033
599.0,518.725
1358.02816901408,519.43661971831
773.294642857143,518.964285714286
865.275132275132,527.068783068783
627.974358974359,521.192307692308
710.6875,520.1875
144.015151515152,521.984848484848
1024.95,522.1
1198.01315789474,522.960526315789
749.293103448276,523.224137931035
196.919540229885,524.984674329502
1313.5,525.0
22.1796875,526.1171875
784.709677419355,526.0
1234.66666666667,526.333333333333
1404.97058823529,526.323529411765
811.598591549296,527.345070422535
342.904347826087,527.469565217391
666.529801324503,529.854304635762
863.0,527.0
1369.69620253165,526.835443037975
210.714285714286,530.988095238095
550.637168141593,529.106194690266
995.833333333333,528.575757575758
431.537037037037,530.944444444444
1119.60377358491,532.264150943396
1250.375,530.875
93.7948717948718,533.230769230769
101.638888888889,533.444444444444
457.716981132075,532.405660377358
732.38,533.18
234.592857142857,531.892857142857
631.291666666667,533.708333333333
933.8,535.460869565217
1098.34328358209,534.059701492537
519.522727272727,535.863636363636
1359.0,535.625
490.490909090909,535.290909090909
706.232558139535,536.616279069767
1210.67716535433,539.433070866142
972.02479338843,538.347107438017
1062.9375,537.125
288.811881188119,538.683168316832
660.222222222222,539.185185185185
1345.19,537.735
572.503267973856,544.444444444444
1143.3950617284,539.851851851852
1176.16176470588,542.397058823529
692.066176470588,543.102941176471
1043.63636363636,543.194805194805
164.923076923077,545.846153846154
1279.04081632653,545.959183673469
617.042857142857,547.057142857143
735.422764227642,547.117886178862
888.372093023256,546.395348837209
803.821428571429,548.130952380952
469.40157480315,550.094488188976
590.07476635514,552.943925233645
1019.91666666667,551.066666666667
981.449438202247,552.651685393258
533.229508196721,552.811475409836
499.775280898876,555.910112359551
757.63768115942,552.31884057971
86.7372262773723,555.058394160584
175.252252252252,555.216216216216
633.235294117647,554.647058823529
1251.44578313253,555.240963855422
264.320754716981,558.896226415094
922.686567164179,557.865671641791
363.163636363636,558.690909090909
186.54128440367,560.238532110092
450.643564356436,560.227722772277
875.011235955056,557.044943820225
996.518987341772,559.481012658228
1093.51612903226,559.806451612903
1155.86567164179,560.074626865672
554.090909090909,560.272727272727
818.53125,558.671875
842.81052631579,561.821052631579
967.148648648649,561.662162162162
1199.63768115942,561.057971014493
135.325396825397,561.357142857143
264.235294117647,565.294117647059
318.673076923077,561.711538461538
692.953846153846,563.784615384615
669.444444444444,564.555555555556
777.592592592593,563.725925925926
1319.71428571429,565.0
213.527272727273,568.757575757576
1179.5,567.0
594.637795275591,567.614173228346
636.627906976744,569.511627906977
384.743119266055,569.403669724771
608.521739130435,570.260869565217
1076.31818181818,568.80303030303
50.6551724137931,571.362068965517
560.166666666667,568.291666666667
969.12676056338,571.338028169014
855.594594594595,571.554054054054
1116.01694915254,573.135593220339
193.006756756757,573.912162162162
401.295652173913,571.130434782609
841.378787878788,573.878787878788
1141.85526315789,573.078947368421
685.375,577.027777777778
709.150627615063,576.543933054393
784.439393939394,576.818181818182
1301.32432432432,575.810810810811
292.988888888889,577.566666666667
22.5955056179775,580.280898876405
514.13829787234,577.585106382979
529.345794392523,579.224299065421
617.575342465753,578.0
1258.86956521739,579.326086956522
465.482014388489,580.546762589928
957.781512605042,578.613445378151
1155.15384615385,579.115384615385
449.812949640288,581.561151079137
734.210526315789,578.877192982456
78.2926829268293,580.865853658537
492.433155080214,580.475935828877
1356.81132075472,581.433962264151
116.277777777778,583.944444444444
754.440677966102,582.593220338983
789.811881188119,584.277227722772
151.940740740741,586.251851851852
666.454054054054,588.021621621622
1222.85585585586,584.585585585586
826.4,586.2
896.791044776119,588.044776119403
1129.5,588.0
1186.88059701493,585.776119402985
94.6111111111111,591.981481481482
354.009523809524,591.085714285714
817.466666666667,591.866666666667
1004.56730769231,595.067307692308
1062.10084033613,589.420168067227
873.403225806452,593.935483870968
1371.21568627451,593.098039215686
1041.4623655914,593.322580645161
1337.45714285714,595.057142857143
126.180555555556,596.486111111111
1024.01388888889,597.201388888889
420.587878787879,599.284848484848
1076.29824561404,594.701754385965
614.220657276995,597.107981220657
527.309523809524,601.4
273.333333333333,597.939393939394
717.150684931507,599.58904109589
764.35593220339,600.627118644068
837.126582278481,601.556962025316
456.161904761905,603.409523809524
801.759398496241,602.488721804511
1232.52816901408,602.401408450704
908.5,604.714285714286
1262.5,604.0
486.144578313253,604.771084337349
1135.66666666667,605.0
1200.85123966942,605.384297520661
173.516853932584,606.438202247191
246.611764705882,605.541176470588
1099.74509803922,605.509803921569
1295.35802469136,606.0
211.555555555556,606.544444444444
257.361538461538,607.923076923077
702.235294117647,607.823529411765
744.071428571429,607.928571428571
1171.97619047619,608.571428571429
55.040404040404,607.838383838384
99.3863636363636,608.227272727273
586.25,608.733333333333
656.553571428571,609.375
962.090909090909,610.246753246753
756.342105263158,610.526315789474
306.229508196721,611.581967213115
523.945454545455,613.381818181818
672.14606741573,613.303370786517
861.0,614.042553191489
827.736434108527,615.248062015504
563.492857142857,617.882142857143
802.603174603175,615.111111111111
138.041666666667,616.541666666667
1140.33333333333,617.066666666667
282.276595744681,618.553191489362
360.795081967213,617.0
506.137614678899,621.376146788991
724.890243902439,619.207317073171
1179.17391304348,618.934782608696
108.571428571429,619.587301587302
386.140350877193,621.239766081871
694.27397260274,621.027397260274
908.862068965517,621.5
3.87912087912088,621.417582417582
296.373134328358,622.328358208955
329.451612903226,622.032258064516
485.5625,622.614583333333
633.146341463415,622.073170731707
308.067567567568,623.094594594595
948.323529411765,623.397058823529
167.862745098039,623.852941176471
458.834170854271,619.914572864322
963.411764705882,622.843137254902
71.4545454545455,625.530303030303
567.0,627.421052631579
651.074468085106,626.095744680851
759.929203539823,624.858407079646
1055.91954022989,625.137931034483
1215.39565217391,626.013043478261
1024.56,626.133333333333
1131.44736842105,625.618421052632
675.620689655172,628.540229885057
1387.8275862069,628.206896551724
344.886462882096,627.886462882096
813.822580645161,629.161290322581
892.407894736842,630.539473684211
132.164556962025,631.594936708861
733.904761904762,632.793650793651
267.135416666667,630.921875
426.526315789474,632.052631578947
520.107692307692,632.784615384615
710.797619047619,633.619047619048
1199.82978723404,631.021276595745
1277.66533864542,630.382470119522
1358.5,633.0
795.439024390244,633.560975609756
582.928571428571,634.892857142857
771.546391752577,634.639175257732
1117.73417721519,635.886075949367
26.3333333333333,637.4
316.328358208955,639.111940298507
1065.40243902439,637.69512195122
227.429577464789,640.964788732394
567.888888888889,641.333333333333
1087.984375,641.359375
722.457142857143,643.857142857143
1309.18292682927,645.19512195122
921.95,645.52
0.0,647.0
993.697247706422,649.266055045872
401.223529411765,648.329411764706
535.725,646.9875
765.260162601626,649.308943089431
836.074074074074,647.777777777778
1097.0,648.5
682.0,649.25
157.45390070922,650.248226950355
420.116883116883,651.357142857143
116.349206349206,649.31746031746
289.510204081633,651.0
889.892857142857,650.928571428571
968.868421052632,650.157894736842
1187.80597014925,649.10447761194
585.425925925926,653.351851851852
752.695652173913,653.913043478261
1215.66666666667,653.508771929825
1284.16666666667,653.8
729.75,654.736842105263
788.859375,655.625
816.915887850467,654.897196261682
1051.96385542169,652.987951807229
1112.06299212598,654.299212598425
577.188679245283,655.584905660377
937.238095238095,657.238095238095
1172.08333333333,657.4
1231.81553398058,657.368932038835
175.051948051948,658.74025974026
305.809523809524,659.968253968254
344.511363636364,659.909090909091
1034.67441860465,659.255813953488
489.271929824561,658.350877192982
227.81,660.32
360.72049689441,659.062111801242
468.27972027972,661.321678321678
1270.36842105263,662.552631578947
451.336206896552,662.543103448276
114.723076923077,662.476923076923
770.0,664.5
202.0,663.5
1350.50228310502,664.219178082192
609.78175313059,664.516994633274
689.0,667.780821917808
699.416666666667,667.175925925926
265.925,668.1875
430.041666666667,670.138888888889
508.603550295858,668.112426035503
556.333333333333,670.041666666667
644.629032258065,667.784946236559
713.444444444444,670.577777777778
910.756756756757,669.621621621622
418.648148148148,670.098765432099
997.242718446602,671.0
469.338983050847,673.220338983051
586.75,673.180555555556
752.654761904762,672.035714285714
385.624454148472,677.375545851528
790.954545454545,675.772727272727
844.093333333333,675.24
964.918918918919,675.067567567568
1126.05586592179,675.128491620112
1245.93333333333,675.4
120.590909090909,675.909090909091
730.598214285714,674.892857142857
1057.84444444444,676.555555555556
1194.46153846154,678.030769230769
104.169491525424,677.762711864407
528.095238095238,677.014285714286
1290.0593220339,677.008474576271
452.280193236715,677.352657004831
244.413333333333,679.506666666667
1263.125,679.875
59.3298969072165,679.463917525773
409.701149425287,681.114942528736
1018.859375,680.25
26.5176470588235,681.870588235294
335.666666666667,681.333333333333
423.1375,684.575
917.1,683.7
230.968421052632,684.673684210526
936.705882352941,685.735294117647
1154.20338983051,684.661016949153
276.587719298246,685.701754385965
201.358974358974,686.141025641026
466.287878787879,687.848484848485
1386.41379310345,687.137931034483
658.017857142857,687.303571428571
760.019230769231,689.846153846154
970.953307392996,692.782101167315
1301.953125,689.6875
1042.640625,692.578125
1323.55681818182,690.659090909091
699.235294117647,693.152941176471
1369.96,694.08
435.933333333333,694.433333333333
717.341935483871,695.916129032258
75.948275862069,695.137931034483
943.178947368421,693.673684210526
105.075,698.583333333333
567.612903225806,698.096774193548
588.613333333333,695.466666666667
686.150943396226,697.396226415094
797.029850746269,696.761194029851
1074.19540229885,699.431034482759
164.432835820896,699.014925373134
497.144,698.296
1097.66197183099,697.887323943662
185.196428571429,699.946428571429
618.641509433962,698.603773584906
775.457943925234,699.551401869159
1232.52066115702,699.933884297521
673.5,699.903225806452
748.432692307692,699.067307692308
1135.69565217391,700.130434782609
272.509615384615,703.096153846154
542.03125,703.265625
1277.88636363636,701.454545454545
1397.74285714286,702.714285714286
128.158273381295,704.589928057554
835.318681318681,702.956043956044
152.650793650794,704.571428571429
730.190839694656,706.389312977099
48.4545454545455,707.345454545455
715.167938931298,708.916030534351
852.586538461538,706.740384615385
230.164835164835,708.43956043956
291.834782608696,708.339130434783
1250.27184466019,710.553398058252
201.958333333333,710.152777777778
873.486842105263,711.75
972.142857142857,709.883928571429
1169.50485436893,707.47572815534
70.2564102564103,711.564102564103
679.2,710.666666666667
1199.4358974359,710.538461538462
359.136363636364,709.363636363636
892.730158730159,714.936507936508
1021.15254237288,715.949152542373
245.651612903226,717.341935483871
389.722222222222,715.644444444444
645.125,713.213541666667
1101.796875,715.90625
780.519230769231,716.173076923077
1123.48101265823,716.696202531646
1314.0,718.144927536232
814.266129032258,719.403225806452
336.777777777778,716.888888888889
939.166666666667,720.0
1180.0303030303,721.222222222222
85.575,721.625
183.352272727273,721.659090909091
301.864406779661,722.28813559322
1338.37113402062,723.773195876289
27.7258064516129,722.91935483871
739.541176470588,723.882352941176
990.911764705882,724.205882352941
517.03488372093,725.825581395349
911.423076923077,724.384615384615
361.78021978022,719.703296703297
668.0,726.0
1189.90384615385,726.192307692308
575.130434782609,727.195652173913
594.375,726.763888888889
686.3,728.5
1166.11764705882,729.764705882353
1201.01818181818,728.345454545455
1235.0,727.5
130.541095890411,729.746575342466
415.0,728.576923076923
976.709090909091,728.890909090909
1134.47272727273,729.927272727273
618.125,731.486111111111
1085.64705882353,730.470588235294
1254.64864864865,728.135135135135
707.014492753623,731.231884057971
533.765957446809,731.652482269504
755.4,731.344444444444
838.166666666667,732.75
1065.625,732.357142857143
1277.73611111111,731.5
941.28,733.906666666667
1035.50617283951,735.827160493827
1230.5,739.5
1045.11111111111,740.666666666667
1104.50769230769,740.092307692308
1389.36764705882,738.911764705882
827.046153846154,740.884615384615
207.370967741935,741.693548387097
642.474358974359,741.679487179487
998.391304347826,742.217391304348
1019.23195876289,742.469072164948
1063.68181818182,742.654545454545
326.8,740.933333333333
899.481481481482,744.481481481482
762.176470588235,744.779411764706
182.196261682243,746.401869158879
468.047619047619,747.409523809524
17.0131578947368,747.013157894737
663.538461538462,746.576923076923
751.206896551724,746.885057471264
1299.81502890173,747.208092485549
148.936936936937,748.396396396396
269.861111111111,748.222222222222
983.761904761905,747.52380952381
1405.0,748.5
1006.96875,749.34375
923.865384615385,751.326923076923
231.794392523364,752.485981308411
326.43125,748.55625
689.299559471366,744.643171806167
243.361963190184,750.067484662577
603.039603960396,755.920792079208
717.821917808219,751.287671232877
735.118421052632,751.842105263158
158.341772151899,753.164556962025
788.650406504065,753.544715447154
356.967741935484,754.596774193548
1142.171875,754.921875
181.227722772277,756.762376237624
614.4375,757.375
952.364705882353,757.070588235294
1090.05084745763,758.915254237288
101.112359550562,758.629213483146
510.74358974359,761.777777777778
577.572727272727,759.663636363636
963.933333333333,759.977777777778
66.9512195121951,760.963414634146
234.727272727273,763.834710743802
1202.95402298851,759.896551724138
649.817073170732,762.890243902439
692.488888888889,763.277777777778
804.631578947368,763.157894736842
1030.30275229358,762.550458715596
451.888888888889,760.782407407407
551.086021505376,763.639784946237
976.62,764.4
1056.15306122449,765.428571428571
1263.24324324324,765.797297297297
828.388888888889,765.5
884.934782608696,763.95652173913
1102.75555555556,765.355555555556
47.3759398496241,767.045112781955
190.186813186813,769.208791208791
390.283582089552,768.283582089552
675.303797468354,768.898734177215
816.458333333333,768.916666666667
952.403669724771,768.412844036697
288.214689265537,770.35593220339
1010.48623853211,771.229357798165
1082.41791044776,768.507462686567
1360.63106796116,772.834951456311
121.604166666667,770.8125
350.791946308725,770.748322147651
255.452380952381,772.464285714286
332.878947368421,771.031578947368
303.622727272727,775.381818181818
578.258333333333,774.858333333333
1383.0,773.5
389.794117647059,776.720588235294
424.477611940299,777.119402985075
451.309523809524,776.380952380952
1332.79032258065,775.370967741935
1297.8,776.857142857143
720.522727272727,779.954545454545
752.806451612903,778.064516129032
1116.58,779.34
1206.81818181818,779.757575757576
670.5,781.366666666667
92.093023255814,782.581395348837
372.711340206186,782.422680412371
1058.88095238095,781.940476190476
582.688311688312,784.506493506493
636.447368421053,784.333333333333
39.6395348837209,787.081395348837
207.823529411765,787.352941176471
1133.95604395604,785.703296703297
506.288537549407,788.758893280632
868.617647058824,785.705882352941
956.657894736842,787.447368421053
1090.40248962656,786.041493775934
3.59550561797753,787.966292134831
1225.16129032258,790.5
155.435483870968,790.024193548387
456.860465116279,791.837209302326
897.086206896552,796.454022988506
1034.86666666667,793.71282051282
110.891891891892,793.612612612613
223.655462184874,793.201680672269
1177.41935483871,792.935483870968
1361.078125,792.875
591.805194805195,794.402597402597
852.325,794.025
1011.60869565217,793.565217391304
1259.42105263158,793.907894736842
1400.0,794.0
407.098214285714,793.991071428571
474.562913907285,793.754966887417
805.28125,794.40625
269.72514619883,797.233918128655
342.494949494949,795.121212121212
446.163461538462,796.817307692308
559.191780821918,797.27397260274
189.34,793.58
582.034090909091,799.136363636364
686.25,798.09
713.542857142857,799.571428571429
805.5,799.5
772.2,800.92
543.267175572519,802.374045801527
1304.0,801.25
144.671052631579,802.657894736842
1152.95238095238,802.785714285714
718.431818181818,804.340909090909
1082.29310344828,805.741379310345
1299.27848101266,805.658227848101
301.095238095238,805.495238095238
1065.83606557377,808.049180327869
829.761904761905,808.68253968254
1358.55555555556,807.638888888889
971.013888888889,808.097222222222
1318.74576271186,808.135593220339
948.285714285714,808.771428571429
661.592592592593,809.555555555556
899.654545454545,810.654545454545
281.964912280702,812.80701754386
1102.9696969697,811.69696969697
209.0,815.0
931.9,811.3
235.915254237288,815.101694915254
126.239316239316,816.205128205128
506.948717948718,816.871794871795
613.377622377622,814.559440559441
735.247619047619,816.0
853.41095890411,816.164383561644
88.3,816.3
170.445454545455,816.863636363636
399.287356321839,816.471264367816
1357.37837837838,817.324324324324
345.350427350427,817.735042735043
453.712962962963,817.731481481482
680.238636363636,820.670454545455
712.30303030303,820.050505050505
313.230769230769,820.961538461538
385.865284974093,823.217616580311
932.133333333333,817.183333333333
192.265476190476,813.52380952381
789.027777777778,821.0
1176.5,821.2
1244.48936170213,822.042553191489
1053.82926829268,822.756097560976
160.617283950617,823.246913580247
290.694835680751,823.328638497653
435.166666666667,822.791666666667
490.534482758621,822.379310344828
594.491071428571,824.392857142857
699.104761904762,828.076190476191
912.235294117647,824.411764705882
1225.64516129032,825.467741935484
15.5201612903226,828.990591397849
1110.2619047619,827.27380952381
1356.97321428571,829.464285714286
387.0,830.125
212.505154639175,828.958762886598
305.669811320755,829.179245283019
475.697247706422,828.743119266055
523.153846153846,830.8
177.964705882353,831.647058823529
1012.76315789474,829.486842105263
70.4074074074074,831.601851851852
235.828282828283,831.580808080808
432.0,832.0
736.140350877193,832.035087719298
813.094117647059,832.964705882353
649.97619047619,831.714285714286
247.788461538462,833.913461538462
535.801724137931,833.870689655172
148.236162361624,837.416974169742
164.104938271605,835.827160493827
795.142857142857,836.285714285714
1201.0,837.0
1287.32380952381,837.761904761905
111.875,837.333333333333
1036.7027027027,836.540540540541
1235.48333333333,836.95
1279.6,837.2
1402.40229885057,839.057471264368
755.357664233577,838.255474452555
778.827586206897,837.655172413793
1056.56790123457,838.518518518518
1065.96666666667,836.488888888889
980.35,841.366666666667
741.0,840.5
954.527777777778,840.342592592593
572.938775510204,839.394557823129
839.190476190476,840.952380952381
1220.45454545455,839.878787878788
96.0879120879121,842.912087912088
422.659574468085,840.914893617021
527.171875,841.828125
1179.11111111111,841.680555555556
1327.48387096774,843.802419354839
137.894736842105,843.964912280702
623.265734265734,840.692307692308
1245.0,844.0
456.161616161616,845.949494949495
672.084033613445,845.176470588235
903.64367816092,844.218390804598
1140.67857142857,845.214285714286
387.161764705882,845.647058823529
436.446428571429,846.160714285714
407.760217983651,843.594005449591
865.413043478261,847.304347826087
1099.12781954887,849.714285714286
1162.08695652174,847.391304347826
1335.06666666667,848.2
357.951612903226,848.032258064516
1372.0202020202,848.838383838384
548.768321513002,850.400709219858
504.032258064516,850.645161290323
374.214285714286,851.673469387755
803.698412698413,850.492063492063
931.3984375,852.3828125
1019.5243902439,853.121951219512
258.0,853.842105263158
840.884057971014,854.95652173913
1040.01538461538,854.138461538462
1009.01298701299,853.350649350649
1354.0,855.0
237.893442622951,854.631147540984
706.480769230769,854.182692307692
57.887323943662,856.014084507042
537.0,859.0
1067.5,855.530303030303
1213.9375,857.3125
1341.78947368421,857.763157894737
128.802259887006,855.531073446328
333.384615384615,857.615384615385
424.19696969697,858.227272727273
456.564102564103,858.923076923077
763.833333333333,858.25
1229.0,859.0
1257.77717391304,855.755434782609
189.448529411765,859.036764705882
967.733333333333,860.733333333333
1277.75471698113,861.132075471698
1285.38461538462,859.711538461538
1315.10465116279,859.593023255814
1170.08,860.62
69.75,862.636363636364
297.080357142857,861.4375
653.121212121212,862.121212121212
971.571428571429,863.857142857143
280.822222222222,864.466666666667
437.712328767123,864.328767123288
1076.4375,865.354166666667
1379.0,864.0
203.592105263158,863.539473684211
470.354838709677,865.354838709677
596.701612903226,863.806451612903
849.416666666667,865.0
1152.425,864.425
1319.68421052632,866.157894736842
556.5,866.5
366.324675324675,868.285714285714
804.326530612245,866.224489795918
1047.65957446809,867.148936170213
997.304347826087,866.184782608696
134.303370786517,870.516853932584
303.096385542169,869.44578313253
512.208333333333,869.520833333333
896.148936170213,868.521276595745
1119.15714285714,868.542857142857
1251.67796610169,869.322033898305
40.9122807017544,869.80701754386
426.296511627907,869.505813953488
629.375,869.46875
165.265895953757,869.456647398844
683.236486486486,873.391891891892
919.272727272727,872.568181818182
813.67816091954,871.494252873563
1132.30357142857,874.821428571429
99.8333333333333,873.343137254902
760.073770491803,875.188524590164
386.655913978495,874.516129032258
564.827637444279,879.808320950966
1373.20754716981,874.075471698113
706.1,877.28
445.771739130435,878.119565217391
338.845238095238,877.666666666667
962.857142857143,877.642857142857
1189.23595505618,877.101123595506
201.891891891892,879.027027027027
1309.36470588235,877.058823529412
584.765432098765,879.382716049383
1270.33333333333,879.0
537.459770114943,881.16091954023
1097.90909090909,881.181818181818
1266.5,881.5
146.83908045977,882.689655172414
820.570680628272,883.717277486911
1155.34,881.286666666667
1226.90909090909,878.530303030303
258.552083333333,883.291666666667
973.590909090909,882.727272727273
230.175438596491,883.736842105263
945.583783783784,881.8
112.694444444444,885.5
400.6,886.307692307692
1329.4,884.8
791.554945054945,888.049450549451
1056.65306122449,887.673469387755
320.154761904762,886.428571428571
716.2,888.45
756.7,886.766666666667
1346.50602409639,888.626506024096
637.191489361702,888.13829787234
68.4565217391304,889.815217391304
1031.78378378378,889.878378378378
362.52380952381,889.038095238095
492.131067961165,889.004854368932
835.375661375661,892.470899470899
973.25,891.375
452.712121212121,893.181818181818
893.464285714286,893.321428571429
376.914893617021,894.872340425532
1279.21212121212,895.090909090909
866.204545454545,894.840909090909
749.393939393939,896.242424242424
308.858407079646,896.787610619469
672.503816793893,896.809160305344
275.446808510638,899.578723404255
727.905982905983,897.581196581197
1147.96,897.76
1165.24242424242,898.424242424242
1379.94545454545,898.272727272727
116.714285714286,899.028571428571
1082.08,899.24
1132.72727272727,898.890909090909
925.194444444444,902.868055555556
157.5,905.760416666667
531.925925925926,904.024691358025
1103.37878787879,901.090909090909
192.801526717557,905.57251908397
609.178947368421,903.852631578947
219.928571428571,904.892857142857
565.595238095238,903.452380952381
1089.4861878453,901.53591160221
1313.4347826087,905.586956521739
416.472826086957,903.532608695652
446.493670886076,906.670886075949
1003.04597701149,905.816091954023
711.294117647059,907.970588235294
808.656565656566,906.606060606061
496.783333333333,908.083333333333
1190.39705882353,908.25
592.591397849462,908.752688172043
763.782051282051,910.012820512821
1224.33333333333,912.333333333333
645.616,912.904
1014.875,912.708333333333
337.407407407407,914.444444444444
981.279279279279,915.531531531532
734.125,915.225
459.602150537634,917.182795698925
1356.76576576577,917.342342342342
175.494623655914,919.344086021505
495.177419354839,919.645161290323
575.12987012987,918.857142857143
1138.32558139535,918.046511627907
375.7125,919.8375
1233.2,921.44
99.6111111111111,922.388888888889
589.845588235294,922.558823529412
932.919540229885,922.597701149425
1162.78947368421,923.0
519.65625,923.625
855.053333333333,922.36
892.464285714286,923.303571428571
791.813253012048,924.228915662651
1186.46666666667,924.5
77.0897435897436,926.628205128205
468.948979591837,927.591836734694
696.198795180723,925.349397590362
872.732394366197,925.915492957746
719.0,927.0
1235.5,928.533333333333
1354.81818181818,930.590909090909
58.8804347826087,930.75
816.760563380282,932.239436619718
933.68253968254,930.714285714286
1288.36842105263,930.78947368421
640.235294117647,931.607843137255
1108.5,932.0
741.266666666667,932.044444444444
1255.48148148148,933.314814814815
429.745901639344,937.016393442623
616.252100840336,932.126050420168
332.234972677596,938.054644808743
761.930693069307,937.277227722772
1026.0,936.21052631579
1076.93989071038,938.049180327869
504.478260869565,938.373913043478
1367.08333333333,937.722222222222
471.805405405405,942.281081081081
552.950617283951,939.851851851852
881.481481481482,941.037037037037
964.955882352941,937.838235294118
210.307692307692,939.461538461538
833.987012987013,939.987012987013
265.008064516129,939.104838709677
187.51,942.6
1349.02985074627,942.701492537314
240.083798882682,943.162011173184
1315.33070866142,939.314960629921
778.048888888889,947.284444444444
534.881578947368,944.098684210526
665.294117647059,946.247058823529
1304.06896551724,945.827586206896
289.854700854701,946.700854700855
729.04,947.81
135.367088607595,948.594936708861
924.816666666667,950.844444444444
1163.36263736264,950.505494505494
574.727272727273,949.611570247934
1132.75362318841,950.63768115942
1270.45614035088,950.438596491228
114.621621621622,951.324324324324
229.849206349206,952.222222222222
945.940298507463,950.791044776119
990.666666666667,949.948717948718
1077.28070175439,950.491228070176
185.0,952.641509433962
385.019607843137,953.862745098039
160.68085106383,956.574468085106
1230.7417218543,955.701986754967
1098.0,956.5
1127.83720930233,957.348837209302
244.926470588235,957.397058823529
756.265625,957.96875
426.060240963855,959.301204819277
587.955974842767,961.081761006289
1056.56578947368,958.934210526316
670.217391304348,964.405797101449
114.285714285714,961.181818181818
801.972972972973,962.527027027027
1147.55660377358,961.584905660377
1369.51111111111,961.666666666667
246.435483870968,964.209677419355
1294.14,963.4
73.4558823529412,965.279411764706
890.192307692308,962.746153846154
823.117647058824,966.588235294118
359.583941605839,968.197080291971
538.061224489796,967.428571428571
955.314285714286,967.014285714286
1377.0,966.882352941176
153.114285714286,969.038095238095
208.391304347826,969.339130434783
1019.75,967.325
87.2173913043478,968.695652173913
593.794871794872,970.910256410256
1087.5,971.2
1329.14114832536,970.799043062201
277.504201680672,973.344537815126
856.939759036145,972.506024096386
1194.33333333333,972.030303030303
307.0,975.0
1065.2,973.666666666667
1168.87012987013,973.155844155844
331.101449275362,974.869565217391
1275.26153846154,976.030769230769
602.650485436893,977.126213592233
689.5,978.208333333333
813.645833333333,978.125
349.416666666667,978.902777777778
553.118421052632,979.21052631579
1133.52,978.44
938.010101010101,981.141414141414
157.151260504202,981.428571428571
674.8125,982.395833333333
193.136363636364,983.745454545454
656.327272727273,983.581818181818
1218.97872340426,982.063829787234
426.422535211268,986.633802816901
861.275362318841,983.746376811594
1117.3,986.35
233.136363636364,984.363636363636
788.796875,987.890625
844.21686746988,988.120481927711
582.178082191781,988.931506849315
62.8876404494382,989.955056179775
365.574257425743,991.118811881188
454.941558441558,988.0
341.578947368421,991.701754385965
405.5,992.862745098039
516.086294416244,991.715736040609
761.216216216216,992.405405405405
822.739130434783,992.739130434783
935.377777777778,992.444444444444
1284.5,992.5
1392.94736842105,992.736842105263
92.4133333333333,993.613333333333
155.763888888889,993.715277777778
643.679611650485,994.271844660194
907.371428571429,995.428571428571
664.858407079646,995.575221238938
781.909090909091,995.363636363636
263.174311926606,994.807339449541
483.010869565217,997.282608695652
1284.0,996.5
1262.171875,997.703125
237.153605015674,996.724137931034
545.666666666667,998.2
1055.671875,998.3125
1314.59016393443,997.622950819672
180.911111111111,999.577777777778
1076.79347826087,997.815217391304
697.321428571429,999.845238095238
879.888888888889,1001.44444444444
1169.89189189189,1000.62162162162
1107.69230769231,1001.47552447552
627.794642857143,1001.09821428571
160.821782178218,1004.48514851485
381.262295081967,1004.44262295082
1300.0,1004.0
1330.70588235294,1005.5
145.302631578947,1006.35526315789
871.714285714286,1006.5
1196.24242424242,1005.60606060606
1217.33333333333,1006.11111111111
250.338983050847,1009.0
301.0,1008.2
337.0,1007.54651162791
562.441558441558,1007.50649350649
840.584415584416,1009.2012987013
433.511111111111,1010.15555555556
921.8,1008.64285714286
282.070175438596,1011.63157894737
712.025641025641,1013.28205128205
1039.58620689655,1011.72413793103
1169.81188118812,1012.63366336634
1375.75438596491,1013.19298245614
89.1268656716418,1013.33582089552
675.7625,1013.025
946.66,1013.64
496.072727272727,1015.03636363636
588.696428571429,1015.94642857143
728.45564516129,1018.30241935484
904.175824175824,1016.68131868132
266.923664122137,1019.35114503817
172.0,1018.5
562.179104477612,1019.94029850746
612.239130434783,1018.4347826087
786.886666666667,1020.14666666667
469.756756756757,1021.05405405405
629.792682926829,1020.43902439024
106.04347826087,1023.08695652174
992.251724137931,1024.42068965517
1133.58823529412,1022.88235294118
356.026315789474,1023.18421052632
1404.81538461538,1026.49230769231
214.15,1024.88846153846
413.75,1026.4
1051.70588235294,1025.64705882353
1175.63414634146,1028.14634146341
70.1,1026.8
194.231578947368,1026.43157894737
255.644444444444,1026.67407407407
520.890410958904,1027.45205479452
922.272727272727,1028.22727272727
1230.88235294118,1027.41176470588
1339.63157894737,1027.86842105263
882.0,1029.13235294118
135.605633802817,1031.35211267606
229.652173913043,1029.59130434783
713.826388888889,1032.22916666667
994.833333333333,1033.16666666667
1381.44444444444,1031.25925925926
1295.70833333333,1033.01388888889
1272.16129032258,1033.03225806452
289.087179487179,1033.74358974359
572.354166666667,1036.1875
1132.5,1036.5
337.0,1039.0
386.0,1038.19047619048
496.2,1037.3
620.5,1039.0
663.5,1039.0
685.692307692308,1037.66666666667
825.5,1039.0
871.0,1039.0
1044.0,1038.5
1114.8275862069,1036.52873563218
1234.03846153846,1038.26923076923
